epoch,steps,cosine_accuracy,cosine_accuracy_threshold,cosine_f1,cosine_precision,cosine_recall,cosine_f1_threshold,cosine_ap,cosine_mcc
1.0,5000,0.8026,0.43225896,0.8148555708390647,0.7510776772884794,0.8904699869726426,0.3752543,0.8618922632628564,0.6068449683724226
2.0,10000,0.81885,0.5278862,0.8293716602174314,0.7674993605592975,0.9020943982362962,0.46438754,0.8786331860982454,0.639597207053411
3.0,15000,0.82305,0.50610304,0.8317752705503108,0.7695126107702794,0.9050005010522096,0.42777467,0.8851754645436642,0.6448573146237578
